{"shot": 10, "average mAP": 0.3079151788021218, "all seeds mAP": [0.2773828255103366, 0.31516412913937547, 0.31109144325641325, 0.31117517647485754, 0.3011304814088166, 0.31197030237968604, 0.3180278993577663, 0.30523330781448427, 0.31223788964984633, 0.315738333029636]}
{"shot": 30, "average mAP": 0.3360671308420672, "all seeds mAP": [0.3408025004059952, 0.3344519119258455, 0.33822038036980034, 0.33180373926484197, 0.3340385769862964, 0.3316418305874883, 0.33903415114285207, 0.34004114940982344, 0.3368656178642246, 0.3337714504635042]}
