{"shot": 10, "average mAP": 0.1345319684315728, "all seeds mAP": [0.12400157135645783, 0.1393573943190347, 0.14647891688806167, 0.13666622264344863, 0.1285785603963139, 0.1381383502340231, 0.14554870401479741, 0.1195983796178378, 0.13620398625018149, 0.1307475985955717]}
{"shot": 30, "average mAP": 0.19516773458340442, "all seeds mAP": [0.2251347301374082, 0.19778071336558387, 0.19415300260506205, 0.18931978865072518, 0.19499789415083718, 0.17991860928980188, 0.18889502585170484, 0.19610377743197366, 0.19130703681994382, 0.19406676753100358]}
