{"shot": 10, "average mAP": 0.13136158376076104, "all seeds mAP": [0.11023241741707523, 0.1476014446855125, 0.14464562750800594, 0.12582414767507213, 0.11983388769628021, 0.13365759730229915, 0.13636202919306226, 0.12898642303496943, 0.14092348597201781, 0.12554877712331544]}
{"shot": 30, "average mAP": 0.19484911796348725, "all seeds mAP": [0.21169095310093164, 0.2025652270102354, 0.20055179168433798, 0.18415333044098733, 0.19372113129941423, 0.18320827775216358, 0.18780330722405, 0.20062055739084464, 0.18516811934390565, 0.199008484388002]}
