{"shot": 10, "average mAP": 0.2669650312595151, "all seeds mAP": [0.2813099997772364, 0.2696267589707711, 0.2628344743380465, 0.2646931330183734, 0.26631933575222894, 0.26370213192495207, 0.2716260946873727, 0.2598030690283468, 0.2677105946787303, 0.26202472041909214]}
{"shot": 30, "average mAP": 0.27923938905907886, "all seeds mAP": [0.29939360659226616, 0.2840044319530313, 0.2778393598858199, 0.2814248623677827, 0.27810650235877804, 0.27487012547983874, 0.27638372243285414, 0.27216440498515543, 0.27762488373166044, 0.27058199080360174]}
