{"shot": 10, "average mAP": 0.1401203047967512, "all seeds mAP": [0.1477755457497414, 0.15486270383153364, 0.15628478667352136, 0.1276036609988416, 0.12947865193358152, 0.1314934932156694, 0.1374033543201268, 0.13530748586027885, 0.14130615253659962, 0.13968721284761762]}
{"shot": 30, "average mAP": 0.18622485436598096, "all seeds mAP": [0.19988610683228056, 0.18667625805278357, 0.19032518654479502, 0.18193704032124514, 0.1768719753938375, 0.17635690038923338, 0.18056474184023089, 0.1930604267777805, 0.18566690714413664, 0.1909030003634865]}
