{"shot": 10, "average mAP": 0.07881280483825588, "all seeds mAP": [0.10227757875048302, 0.08571657746604969, 0.08190627421406702, 0.07416169093900953, 0.07234170663682525, 0.07675139097616276, 0.0689104496242013, 0.0630094845237663, 0.08861669345821836, 0.07443620179377554]}
{"shot": 30, "average mAP": 0.13292740935017006, "all seeds mAP": [0.19207547193616123, 0.1363974681047117, 0.12612303797006286, 0.12321293387058922, 0.12210555084557043, 0.11981524117216442, 0.13352135485072267, 0.1205863682300227, 0.12247785175548988, 0.1329588147662054]}
