{"shot": 2, "average mAP": 0.0283356247861964, "all seeds mAP": [0.024074347135855097, 0.02475438195334173, 0.014482215937763568, 0.019598404890845356, 0.04650328286149656, 0.015748112870056022, 0.027609232437528615, 0.03250043213591023, 0.03381117653173783, 0.044274661107428996]}
{"shot": 3, "average mAP": 0.0719333557596312, "all seeds mAP": [0.029733480820030703, 0.08904097306872473, 0.07555089813989485, 0.07362747512717228, 0.06275175895769151, 0.08707673536730029, 0.060930974432643774, 0.07291421644212856, 0.0981215393793119, 0.06958550586141338]}
{"shot": 5, "average mAP": 0.10403835489197286, "all seeds mAP": [0.11983682402813672, 0.10656073511229937, 0.10913078143736325, 0.10148703911051053, 0.08806783177325161, 0.1034185260247537, 0.09596533266142382, 0.08972129062208395, 0.12266058809423808, 0.10353460005566759]}
{"shot": 10, "average mAP": 0.14060966887588056, "all seeds mAP": [0.1414088359429941, 0.15046506939354792, 0.15167447240889378, 0.1358962459035261, 0.13466343368882538, 0.13537892571028165, 0.13549364751235318, 0.138831978558952, 0.14296280761205718, 0.13932127202737424]}
{"shot": 30, "average mAP": 0.19236940328882718, "all seeds mAP": [0.21211751848015578, 0.18722101604820432, 0.19306167503067428, 0.18619356165735462, 0.19222250960358855, 0.17802018156233082, 0.19072172661317424, 0.19273439264838507, 0.19388412549673587, 0.19751732574766842]}
