{"shot": 10, "average mAP": 0.10574564916006893, "all seeds mAP": [0.14237902505356373, 0.1079647552609193, 0.11009697450516251, 0.08537477562408172, 0.09522952353235302, 0.10561612559437976, 0.10383264820390367, 0.0961959479466838, 0.10697574709693693, 0.10379096878270475]}
{"shot": 30, "average mAP": 0.14698884117708014, "all seeds mAP": [0.20838897382865543, 0.14224952055604523, 0.14827956936532527, 0.13788778198533566, 0.13027057058195632, 0.1343309603188735, 0.1404364642545082, 0.14417410980587442, 0.13806534196982204, 0.1458051191044052]}
