{"shot": 10, "average mAP": 0.120047959744075, "all seeds mAP": [0.1410733776340416, 0.12527578735124745, 0.12003892888242067, 0.11505790070800856, 0.11058207473567228, 0.1214288168903758, 0.12490716375437855, 0.10741196044517541, 0.12175724555126403, 0.11294634148816572]}
{"shot": 30, "average mAP": 0.1745185486343025, "all seeds mAP": [0.2102005071338251, 0.1722072331357748, 0.17568478697956372, 0.1649719208011846, 0.16750579477262045, 0.1741866306808616, 0.16799274276540294, 0.1771859894474541, 0.1614810473376794, 0.17376883328865847]}
